                  epoch,             train/loss,  metrics/accuracy_top1,  metrics/accuracy_top5,               val/loss,                 lr/pg0,                 lr/pg1,                 lr/pg2
                      1,                 1.4388,                0.36667,                      1,                 1.3856,               3.57e-05,               3.57e-05,               3.57e-05
                      2,                 1.4312,                0.33333,                      1,                 1.3724,             6.2989e-05,             6.2989e-05,             6.2989e-05
                      3,                 1.3325,                0.66667,                      1,                 1.3554,             7.3314e-05,             7.3314e-05,             7.3314e-05
                      4,                 1.3466,                0.66667,                      1,                 1.3392,             6.6673e-05,             6.6673e-05,             6.6673e-05
                      5,                  1.255,                    0.7,                      1,                 1.3207,             4.3068e-05,             4.3068e-05,             4.3068e-05
